camera_fingerprint,test_data,test_img,pce_value
Agfa_DC-733s,Dresden_sample_dataset,Casio_EX_Z150_0,2.930316790556324
Agfa_DC-733s,Dresden_sample_dataset,Casio_EX_Z150_0,0.6244981143157021
Agfa_DC-733s,Dresden_sample_dataset,Casio_EX_Z150_0,0.2929971562929968
Agfa_DC-733s,Dresden_sample_dataset,Casio_EX_Z150_0,-0.48810033837632727
Agfa_DC-733s,Dresden_sample_dataset,Casio_EX_Z150_0,0.31178098942226273
Agfa_DC-733s,Dresden_sample_dataset,Casio_EX_Z150_0,-0.058041334987670626
Agfa_DC-733s,Dresden_sample_dataset,Casio_EX_Z150_0,-0.8550096614999823
Agfa_DC-733s,Dresden_sample_dataset,Casio_EX_Z150_0,1.8346845368638427
Agfa_DC-733s,Dresden_sample_dataset,Casio_EX_Z150_0,-0.9337969891065137
Agfa_DC-733s,Dresden_sample_dataset,Casio_EX_Z150_0,0.5822407086877884
Agfa_DC-733s,Dresden_sample_dataset,Casio_EX_Z150_0,0.1824564788470846
Agfa_DC-733s,Dresden_sample_dataset,Casio_EX_Z150_0,-0.00787708426402953
Agfa_DC-733s,Dresden_sample_dataset,Casio_EX_Z150_0,0.18232694021948653
Agfa_DC-733s,Dresden_sample_dataset,Casio_EX_Z150_0,-1.305408381358263
Agfa_DC-733s,Dresden_sample_dataset,Casio_EX_Z150_0,0.3957868854605221
Agfa_DC-733s,Dresden_sample_dataset,Casio_EX_Z150_0,-0.003190290241662767
Agfa_DC-733s,Dresden_sample_dataset,Casio_EX_Z150_0,0.0473968912183878
Agfa_DC-733s,Dresden_sample_dataset,Casio_EX_Z150_0,-0.7459863791025066
Agfa_DC-733s,Dresden_sample_dataset,Casio_EX_Z150_0,1.4548015391764744
Agfa_DC-733s,Dresden_sample_dataset,Casio_EX_Z150_0,0.7087965791539784
Agfa_DC-733s,Dresden_sample_dataset,Agfa_Sensor530s_0,0.4070392940611546
Agfa_DC-733s,Dresden_sample_dataset,Agfa_Sensor530s_0,3.213779410863338
Agfa_DC-733s,Dresden_sample_dataset,Agfa_Sensor530s_0,-2.479324877305878
Agfa_DC-733s,Dresden_sample_dataset,Agfa_Sensor530s_0,0.009226445212563843
Agfa_DC-733s,Dresden_sample_dataset,Agfa_Sensor530s_0,-2.0634680401831735
Agfa_DC-733s,Dresden_sample_dataset,Agfa_Sensor530s_0,2.616743890870605
Agfa_DC-733s,Dresden_sample_dataset,Agfa_Sensor530s_0,-0.3253587347906197
Agfa_DC-733s,Dresden_sample_dataset,Agfa_Sensor530s_0,-0.9484608330031373
Agfa_DC-733s,Dresden_sample_dataset,Agfa_Sensor530s_0,-2.331316489206541
Agfa_DC-733s,Dresden_sample_dataset,Agfa_Sensor530s_0,-0.17980580491371187
Agfa_DC-733s,Dresden_sample_dataset,Agfa_Sensor530s_0,-3.2470394176495225
Agfa_DC-733s,Dresden_sample_dataset,Agfa_Sensor530s_0,0.3209320546113484
Agfa_DC-733s,Dresden_sample_dataset,Agfa_Sensor530s_0,4.292201031915388
Agfa_DC-733s,Dresden_sample_dataset,Agfa_Sensor530s_0,1.6632863589618196
Agfa_DC-733s,Dresden_sample_dataset,Agfa_Sensor530s_0,-8.184376987714275
Agfa_DC-733s,Dresden_sample_dataset,Agfa_Sensor530s_0,0.1373953385327332
Agfa_DC-733s,Dresden_sample_dataset,Agfa_Sensor530s_0,-1.2816313861732058
Agfa_DC-733s,Dresden_sample_dataset,Agfa_Sensor530s_0,0.23616660170476966
Agfa_DC-733s,Dresden_sample_dataset,Agfa_Sensor530s_0,0.020819267926893762
Agfa_DC-733s,Dresden_sample_dataset,Agfa_Sensor530s_0,-2.1883622702250336
Agfa_DC-733s,Dresden_sample_dataset,Agfa_DC-830i_0,-1.8584529634575804
Agfa_DC-733s,Dresden_sample_dataset,Agfa_DC-830i_0,-0.9095248975589605
Agfa_DC-733s,Dresden_sample_dataset,Agfa_DC-830i_0,-1.5026879116482128
Agfa_DC-733s,Dresden_sample_dataset,Agfa_DC-830i_0,4.743527090619445
Agfa_DC-733s,Dresden_sample_dataset,Agfa_DC-830i_0,5.228345253357296
Agfa_DC-733s,Dresden_sample_dataset,Agfa_DC-830i_0,0.009681576021802283
Agfa_DC-733s,Dresden_sample_dataset,Agfa_DC-830i_0,1.6473048074573198
Agfa_DC-733s,Dresden_sample_dataset,Agfa_DC-830i_0,0.7861322174437838
Agfa_DC-733s,Dresden_sample_dataset,Agfa_DC-830i_0,3.0939402635255138
Agfa_DC-733s,Dresden_sample_dataset,Agfa_DC-830i_0,0.3423547385747309
Agfa_DC-733s,Dresden_sample_dataset,Agfa_DC-830i_0,0.009953553145581662
Agfa_DC-733s,Dresden_sample_dataset,Agfa_DC-830i_0,-0.05423530996121856
Agfa_DC-733s,Dresden_sample_dataset,Agfa_DC-830i_0,-0.13982061312529498
Agfa_DC-733s,Dresden_sample_dataset,Agfa_DC-830i_0,0.7664926964642265
Agfa_DC-733s,Dresden_sample_dataset,Agfa_DC-830i_0,0.1951792329219131
Agfa_DC-733s,Dresden_sample_dataset,Agfa_DC-830i_0,-0.23167753377881065
Agfa_DC-733s,Dresden_sample_dataset,Agfa_DC-830i_0,0.012867399744179619
Agfa_DC-733s,Dresden_sample_dataset,Agfa_DC-830i_0,-3.9160694794847606
Agfa_DC-733s,Dresden_sample_dataset,Agfa_DC-830i_0,0.16749638416263685
Agfa_DC-733s,Dresden_sample_dataset,Agfa_DC-830i_0,2.275099523195033
Agfa_DC-733s,Dresden_sample_dataset,Canon_Ixus55_0,-1.8593683406719441
Agfa_DC-733s,Dresden_sample_dataset,Canon_Ixus55_0,-0.1633455031659638
Agfa_DC-733s,Dresden_sample_dataset,Canon_Ixus55_0,5.351910400199183
Agfa_DC-733s,Dresden_sample_dataset,Canon_Ixus55_0,-0.7540982383358888
Agfa_DC-733s,Dresden_sample_dataset,Canon_Ixus55_0,2.7798106780013994
Agfa_DC-733s,Dresden_sample_dataset,Canon_Ixus55_0,0.36435200405555523
Agfa_DC-733s,Dresden_sample_dataset,Canon_Ixus55_0,1.1620962535783288
Agfa_DC-733s,Dresden_sample_dataset,Canon_Ixus55_0,-0.32386816793438106
Agfa_DC-733s,Dresden_sample_dataset,Canon_Ixus55_0,-5.6164386738844465
Agfa_DC-733s,Dresden_sample_dataset,Canon_Ixus55_0,-0.838727725564662
Agfa_DC-733s,Dresden_sample_dataset,Canon_Ixus55_0,0.028588745696037327
Agfa_DC-733s,Dresden_sample_dataset,Canon_Ixus55_0,-0.0536046191461843
Agfa_DC-733s,Dresden_sample_dataset,Canon_Ixus55_0,-1.526489872070688
Agfa_DC-733s,Dresden_sample_dataset,Canon_Ixus55_0,-0.755285393384979
Agfa_DC-733s,Dresden_sample_dataset,Canon_Ixus55_0,-0.7041989532001132
Agfa_DC-733s,Dresden_sample_dataset,Canon_Ixus55_0,-0.4728736966117008
Agfa_DC-733s,Dresden_sample_dataset,Canon_Ixus55_0,0.9845624175785936
Agfa_DC-733s,Dresden_sample_dataset,Canon_Ixus55_0,-0.7741427823849064
Agfa_DC-733s,Dresden_sample_dataset,Canon_Ixus55_0,-0.03837125318628855
Agfa_DC-733s,Dresden_sample_dataset,Canon_Ixus55_0,-1.629941968262662
Agfa_DC-733s,Dresden_sample_dataset,FujiFilm_FinePixJ50_0,0.4155683930359321
Agfa_DC-733s,Dresden_sample_dataset,FujiFilm_FinePixJ50_0,-0.12212587133792621
Agfa_DC-733s,Dresden_sample_dataset,FujiFilm_FinePixJ50_0,3.0602956235592016
Agfa_DC-733s,Dresden_sample_dataset,FujiFilm_FinePixJ50_0,4.2777500874584e-06
Agfa_DC-733s,Dresden_sample_dataset,FujiFilm_FinePixJ50_0,0.2924602714750237
Agfa_DC-733s,Dresden_sample_dataset,FujiFilm_FinePixJ50_0,7.3214527243110945
Agfa_DC-733s,Dresden_sample_dataset,FujiFilm_FinePixJ50_0,0.005510318359041339
Agfa_DC-733s,Dresden_sample_dataset,FujiFilm_FinePixJ50_0,-0.16870613800143702
Agfa_DC-733s,Dresden_sample_dataset,FujiFilm_FinePixJ50_0,1.1374313489651722
Agfa_DC-733s,Dresden_sample_dataset,FujiFilm_FinePixJ50_0,0.22906424834397995
Agfa_DC-733s,Dresden_sample_dataset,FujiFilm_FinePixJ50_0,-0.02166723172060472
Agfa_DC-733s,Dresden_sample_dataset,FujiFilm_FinePixJ50_0,0.12910934975818789
Agfa_DC-733s,Dresden_sample_dataset,FujiFilm_FinePixJ50_0,-0.23974099156790388
Agfa_DC-733s,Dresden_sample_dataset,FujiFilm_FinePixJ50_0,0.004864116260814698
Agfa_DC-733s,Dresden_sample_dataset,FujiFilm_FinePixJ50_0,0.051734424485111855
Agfa_DC-733s,Dresden_sample_dataset,FujiFilm_FinePixJ50_0,1.8554422422925096
Agfa_DC-733s,Dresden_sample_dataset,FujiFilm_FinePixJ50_0,0.876673710773702
Agfa_DC-733s,Dresden_sample_dataset,FujiFilm_FinePixJ50_0,-4.642316834105627
Agfa_DC-733s,Dresden_sample_dataset,FujiFilm_FinePixJ50_0,-0.28913000149016516
Agfa_DC-733s,Dresden_sample_dataset,FujiFilm_FinePixJ50_0,-0.24140228358486393
Agfa_DC-733s,Dresden_sample_dataset,Agfa_DC-504_0,-0.6870477065833085
Agfa_DC-733s,Dresden_sample_dataset,Agfa_DC-504_0,-3.9032240574167627
Agfa_DC-733s,Dresden_sample_dataset,Agfa_DC-504_0,0.03779656706600046
Agfa_DC-733s,Dresden_sample_dataset,Agfa_DC-504_0,1.17507737821529
Agfa_DC-733s,Dresden_sample_dataset,Agfa_DC-504_0,-0.3792791139765098
Agfa_DC-733s,Dresden_sample_dataset,Agfa_DC-504_0,-0.12562755040048268
Agfa_DC-733s,Dresden_sample_dataset,Agfa_DC-504_0,0.0732590834527389
Agfa_DC-733s,Dresden_sample_dataset,Agfa_DC-504_0,0.0011312997849717984
Agfa_DC-733s,Dresden_sample_dataset,Agfa_DC-504_0,0.11315983061758997
Agfa_DC-733s,Dresden_sample_dataset,Agfa_DC-504_0,0.0878856791183401
Agfa_DC-733s,Dresden_sample_dataset,Agfa_DC-504_0,-0.24422252836008856
Agfa_DC-733s,Dresden_sample_dataset,Agfa_DC-504_0,-0.07582353268537291
Agfa_DC-733s,Dresden_sample_dataset,Agfa_DC-504_0,0.00296636127297167
Agfa_DC-733s,Dresden_sample_dataset,Agfa_DC-504_0,-1.3623984897441375
Agfa_DC-733s,Dresden_sample_dataset,Agfa_DC-504_0,3.5908997734141392
Agfa_DC-733s,Dresden_sample_dataset,Agfa_DC-504_0,0.7920971061470155
Agfa_DC-733s,Dresden_sample_dataset,Agfa_DC-504_0,-1.6969533604550568
Agfa_DC-733s,Dresden_sample_dataset,Agfa_DC-504_0,-0.0551533443368103
Agfa_DC-733s,Dresden_sample_dataset,Agfa_DC-504_0,0.3048946296562727
Agfa_DC-733s,Dresden_sample_dataset,Agfa_DC-504_0,-3.5818676066029274
Agfa_DC-733s,Dresden_sample_dataset,Canon_PowerShotA640,-1.0551883722657986
Agfa_DC-733s,Dresden_sample_dataset,Canon_PowerShotA640,9.485178139339302
Agfa_DC-733s,Dresden_sample_dataset,Canon_PowerShotA640,-1.0891520050696286
Agfa_DC-733s,Dresden_sample_dataset,Canon_PowerShotA640,-0.13217028734435865
Agfa_DC-733s,Dresden_sample_dataset,Canon_PowerShotA640,1.546899941714207
Agfa_DC-733s,Dresden_sample_dataset,Canon_PowerShotA640,1.440664660583437
Agfa_DC-733s,Dresden_sample_dataset,Canon_PowerShotA640,0.8862563678436745
Agfa_DC-733s,Dresden_sample_dataset,Canon_PowerShotA640,-0.9886868114547388
Agfa_DC-733s,Dresden_sample_dataset,Canon_PowerShotA640,-0.13008013670835022
Agfa_DC-733s,Dresden_sample_dataset,Canon_PowerShotA640,-0.992614388261279
Agfa_DC-733s,Dresden_sample_dataset,Canon_PowerShotA640,-0.00019730778951989423
Agfa_DC-733s,Dresden_sample_dataset,Canon_PowerShotA640,0.003167929837976177
Agfa_DC-733s,Dresden_sample_dataset,Canon_PowerShotA640,-1.0633396710556613
Agfa_DC-733s,Dresden_sample_dataset,Canon_PowerShotA640,0.0014458818132738111
Agfa_DC-733s,Dresden_sample_dataset,Canon_PowerShotA640,5.782692551888822
Agfa_DC-733s,Dresden_sample_dataset,Canon_PowerShotA640,1.0728418814943688
Agfa_DC-733s,Dresden_sample_dataset,Canon_PowerShotA640,2.668950031478911
Agfa_DC-733s,Dresden_sample_dataset,Canon_PowerShotA640,-0.015756937573047535
Agfa_DC-733s,Dresden_sample_dataset,Canon_PowerShotA640,2.235878995291817
Agfa_DC-733s,Dresden_sample_dataset,Canon_PowerShotA640,-1.2586351947493122
Agfa_DC-733s,Dresden_sample_dataset,Canon_Ixus70_0,1.0396458454230195
Agfa_DC-733s,Dresden_sample_dataset,Canon_Ixus70_0,-0.012908310951704645
Agfa_DC-733s,Dresden_sample_dataset,Canon_Ixus70_0,2.834864996588404
Agfa_DC-733s,Dresden_sample_dataset,Canon_Ixus70_0,0.011867571709529075
Agfa_DC-733s,Dresden_sample_dataset,Canon_Ixus70_0,-0.7115933793542157
Agfa_DC-733s,Dresden_sample_dataset,Canon_Ixus70_0,0.3801888998576734
Agfa_DC-733s,Dresden_sample_dataset,Canon_Ixus70_0,0.29936885362196164
Agfa_DC-733s,Dresden_sample_dataset,Canon_Ixus70_0,0.10472862845675197
Agfa_DC-733s,Dresden_sample_dataset,Canon_Ixus70_0,-0.05569378648172531
Agfa_DC-733s,Dresden_sample_dataset,Canon_Ixus70_0,-0.41134293079726697
Agfa_DC-733s,Dresden_sample_dataset,Canon_Ixus70_0,-0.6698536765278615
Agfa_DC-733s,Dresden_sample_dataset,Canon_Ixus70_0,-1.6489008786047048
Agfa_DC-733s,Dresden_sample_dataset,Canon_Ixus70_0,1.2815815628354617
Agfa_DC-733s,Dresden_sample_dataset,Canon_Ixus70_0,-1.574400459041698
Agfa_DC-733s,Dresden_sample_dataset,Canon_Ixus70_0,0.9797279286694947
Agfa_DC-733s,Dresden_sample_dataset,Canon_Ixus70_0,0.5040668577667161
Agfa_DC-733s,Dresden_sample_dataset,Canon_Ixus70_0,-0.3209212702088273
Agfa_DC-733s,Dresden_sample_dataset,Canon_Ixus70_0,1.3338982143979161
Agfa_DC-733s,Dresden_sample_dataset,Canon_Ixus70_0,-0.0027322684628882975
Agfa_DC-733s,Dresden_sample_dataset,Canon_Ixus70_0,-0.04298925627852664
Agfa_DC-733s,Dresden_sample_dataset,Agfa_Sensor505-x_0,-0.25012104380026806
Agfa_DC-733s,Dresden_sample_dataset,Agfa_Sensor505-x_0,-0.32634433212614083
Agfa_DC-733s,Dresden_sample_dataset,Agfa_Sensor505-x_0,-1.197031032698101
Agfa_DC-733s,Dresden_sample_dataset,Agfa_Sensor505-x_0,-2.756004709277728
Agfa_DC-733s,Dresden_sample_dataset,Agfa_Sensor505-x_0,-0.008731170865559343
Agfa_DC-733s,Dresden_sample_dataset,Agfa_Sensor505-x_0,0.015661161931804498
Agfa_DC-733s,Dresden_sample_dataset,Agfa_Sensor505-x_0,-0.9598820390092568
Agfa_DC-733s,Dresden_sample_dataset,Agfa_Sensor505-x_0,-0.1389636536423171
Agfa_DC-733s,Dresden_sample_dataset,Agfa_Sensor505-x_0,0.12506684444462152
Agfa_DC-733s,Dresden_sample_dataset,Agfa_Sensor505-x_0,0.018961122834733116
Agfa_DC-733s,Dresden_sample_dataset,Agfa_Sensor505-x_0,-2.5085256477028826
Agfa_DC-733s,Dresden_sample_dataset,Agfa_Sensor505-x_0,-0.005766983943161045
Agfa_DC-733s,Dresden_sample_dataset,Agfa_Sensor505-x_0,0.00034818787631475705
Agfa_DC-733s,Dresden_sample_dataset,Agfa_Sensor505-x_0,-0.4070311296193542
Agfa_DC-733s,Dresden_sample_dataset,Agfa_Sensor505-x_0,0.05252632997518886
Agfa_DC-733s,Dresden_sample_dataset,Agfa_Sensor505-x_0,-0.0074771416237190205
Agfa_DC-733s,Dresden_sample_dataset,Agfa_Sensor505-x_0,1.9893174131888898
Agfa_DC-733s,Dresden_sample_dataset,Agfa_Sensor505-x_0,14.067027018580673
Agfa_DC-733s,Dresden_sample_dataset,Agfa_Sensor505-x_0,1.8676416681050612
Agfa_DC-733s,Dresden_sample_dataset,Agfa_Sensor505-x_0,-3.5731392369574118
Agfa_DC-733s,Dresden_sample_dataset,Agfa_DC-733s,7350.722742661918
Agfa_DC-733s,Dresden_sample_dataset,Agfa_DC-733s,3531.2435476291016
Agfa_DC-733s,Dresden_sample_dataset,Agfa_DC-733s,1197.689278007037
Agfa_DC-733s,Dresden_sample_dataset,Agfa_DC-733s,28071.045962930926
Agfa_DC-733s,Dresden_sample_dataset,Agfa_DC-733s,695.2803522330946
Agfa_DC-733s,Dresden_sample_dataset,Agfa_DC-733s,23459.341901740372
Agfa_DC-733s,Dresden_sample_dataset,Agfa_DC-733s,11183.121810768678
Agfa_DC-733s,Dresden_sample_dataset,Agfa_DC-733s,3810.6076287035917
Agfa_DC-733s,Dresden_sample_dataset,Agfa_DC-733s,14979.274162979882
Agfa_DC-733s,Dresden_sample_dataset,Agfa_DC-733s,12273.246173622658
Agfa_DC-733s,Dresden_sample_dataset,Agfa_DC-733s,32180.335188673387
Agfa_DC-733s,Dresden_sample_dataset,Agfa_DC-733s,10572.139760733313
Agfa_DC-733s,Dresden_sample_dataset,Agfa_DC-733s,270.76032494588515
Agfa_DC-733s,Dresden_sample_dataset,Agfa_DC-733s,10335.947894985871
Agfa_DC-733s,Dresden_sample_dataset,Agfa_DC-733s,13487.79629156715
Agfa_DC-733s,Dresden_sample_dataset,Agfa_DC-733s,24775.297892378097
Agfa_DC-733s,Dresden_sample_dataset,Agfa_DC-733s,17398.344596965577
Agfa_DC-733s,Dresden_sample_dataset,Agfa_DC-733s,5097.416903056393
Agfa_DC-733s,Dresden_sample_dataset,Agfa_DC-733s,359.68910962062296
Agfa_DC-733s,Dresden_sample_dataset,Agfa_DC-733s,36492.60617175795
